Aloxe-Corton,Burgundy
Alsace,Alsace
Alsace Grand Cru,Alsace
Anjou,Loire
Anjou-Coteaux de la Loire,Loire
Anjou-Gamay,Loire
Anjou mousseux,Loire
Anjou Villages,Loire
Anjou Villages Brissac,Loire
Arbois,Jura
Auxey-Duresses,Burgundy
Bandol,Provence
Banyuls,Languedoc-Roussillon
Banyuls Grand Cru,Languedoc-Roussillon
Barsac,Bordeaux
Bâtard-Montrachet,Burgundy
Béarn,South West France
Beaujolais,Beaujolais
Beaujolais-Villages,Beaujolais
Beaumes de Venise,Rhône
Beaune,Burgundy
Bellet,Provence
Bergerac,South West France
Bergerac sec,South West France
Bergerac rosé,South West France
Bienvenues-Bâtard-Montrachet,Burgundy
Blagny,Burgundy
Blanquette de Limoux,Languedoc-Roussillon
Blanquette méthode ancestrale,Languedoc
Blaye,Bordeaux
Bonnes-Mares,Burgundy
Bonnezeaux,Loire
Bordeaux,Bordeaux
Bordeaux clairet,Bordeaux
Bordeaux Côtes de Francs,Bordeaux
Bordeaux Haut-Benauge,Bordeaux
Bordeaux moelleux,Bordeaux
Bordeaux rosé,Bordeaux
Bordeaux sec,Bordeaux
Bordeaux supérieur,Bordeaux
Bourgogne,Burgundy
Bourgogne aligoté,Burgundy
Bourgogne clairet,Burgundy
Bourgogne clairet Côte chalonnaise,Burgundy
Bourgogne Coulanges-la-Vineuse,Burgundy
Bourgogne Côte Saint-Jacques,Burgundy
Bourgogne Coulanges-la-Vineuse,Burgundy
Bourgogne Côtes d'Auxerre,Burgundy
Bourgogne Côtes du Couchois,Burgundy
Bourgogne Epineuil,Burgundy
Bourgogne grand ordinaire,Burgundy
Bourgogne Hautes-côtes de Beaune,Burgundy
Bourgogne Hautes-côtes de Nuits,Burgundy
Bourgogne La Chapelle Notre-Dame,Burgundy
Bourgogne le Chapitre,Burgundy
Bourgogne Montrecul,Burgundy
Bourgogne mousseux,Burgundy
Bourgogne ordinaire,Burgundy
Bourgogne Passe-tout-grains,Burgundy
Bourgogne Vézelay,Burgundy
Bourgogne rosé,Burgundy
Bourgueil,Loire
Bouzeron,Burgundy
Brouilly,Beaujolais
Bugey,Bugey
Buzet,South West France
Cabardes,Languedoc-Roussillon
Cabernet d'Anjou,Loire
Cabernet de Saumur,Loire
Cadillac,Bordeaux
Cahors,South West France
Cairanne,Rhone Valley
Cassis,Provence
Cérons,Bordeaux
Chablis,Burgundy
Chablis Grand Cru,Burgundy
Chablis Premier Cru,Burgundy
Chambertin,Burgundy
Chambertin-Clos-de-Beze,Burgundy
Chambolle-Musigny,Burgundy
Champagne,Champagne
Chapelle-Chambertin,Burgundy
Charlemagne,Burgundy
Charmes-Chambertin,Burgundy
Chassagne-Montrachet,Burgundy
Château-Chalon,Jura
Château-Grillet,Rhône
Châteauneuf-du-Pape,Rhône
Châtillon-en-Diois,Rhône
Chaume,Loire
Chénas,Beaujolais
Chevalier-Montrachet,Burgundy
Cheverny,Loire
Chinon,Loire
Chiroubles,Beaujolais
Chorey-les-Beaune,Burgundy
Clairette de Bellegarde,Languedoc-Roussillon
Clairette de Die,Rhône
Clairette du Languedoc,Languedoc-Roussillon
Clos des Lambrays,Burgundy
Clos de la Roche,Burgundy
Clos de Tart,Burgundy
Clos de Vougeot,Burgundy
Clos Saint-Denis,Burgundy
Collioure,Languedoc-Roussillon
Condrieu,Rhône
Corbieres,Languedoc-Roussillon
Cornas,Rhône
Corse or Vin de Corse,Corsica
Corton,Burgundy
Corton-Charlemagne,Burgundy
Costières de Nîmes,Rhône
Côte de Beaune,Burgundy
Côte de Beaune-Villages,Burgundy
Côte de Brouilly,Beaujolais
Côte de Nuits-villages,Burgundy
Côte Roannaise,Loire
Côte-Rôtie,Rhône
Coteaux Champenois,Champagne
Coteaux d'Aix-en-Provence,Provence
Coteaux de Die,Rhône
Coteaux de l'Aubance,Loire
Coteaux de Pierrevert,Provence
Coteaux du Giennois,Loire
Coteaux du Languedoc,Languedoc-Roussillon
Coteaux du Layon,Loire
Coteaux du Loir,Loire
Coteaux du Lyonnais,Lyonnais
Coteaux du Quercy,South West France
Coteaux de Saumur,Loire
Coteaux du Tricastin,Rhône
Coteaux du Vendômois,Loire
Coteaux Varois,Provence
Côtes de Bergerac,South West France
Côtes de Bergerac Blanc,South West France
Côtes de Blaye,Bordeaux
Côtes de Bordeaux Saint-Macaire,Bordeaux
Côtes de Bourg,Bordeaux
Côtes de Castillon,Bordeaux
Côtes de Duras,South West France
Côtes du Forez,Loire
Côtes de la Malepere,Languedoc
Côtes de Millau,South West France
Côtes de Montravel,South West France
Côtes de Provence,Provence
Côtes de Toul,Eastern France
Côtes du Jura,Jura
Côtes du Luberon,Rhône
Côtes du Marmandais,South West France
Côtes du Rhône,Rhône
Côtes du Rhône Villages,Rhône
Côtes du Roussillon,Languedoc-Roussillon
Côtes du Roussillon Villages,Languedoc-Roussillon
Côtes du Ventoux,Rhône
Côtes du Vivarais,Rhône
Cour-Cheverny,Loire
Crémant d'Alsace,Alsace
Crémant de Bordeaux,Bordeaux
Crémant de Bourgogne,Burgundy
Crémant de Die,Rhône
Crémant du Jura,Jura
Crémant de Limoux,Languedoc-Roussillon
Crémant de Loire,Loire
Crépy,Savoy
Criots-Bâtard-Montrachet,Burgundy
Crozes-Hermitage,Rhône
Échezeaux,Burgundy
Entre-Deux-Mers,Bordeaux
Entre-Deux-Mers-Haut-Benauge,Bordeaux
Faugeres,Languedoc-Roussillon
Fitou,Languedoc-Roussillon
Fixin,Burgundy
Fleurie,Beaujolais
Fronsac,Bordeaux
Frontignan,Languedoc-Roussillon
Fronton,South West France
Gaillac,South West France
Gaillac Premieres Côtess,South West France
Gevrey-Chambertin,Burgundy
Gigondas,Rhône
Givry,Burgundy
Grand Roussillon,Languedoc-Roussillon
Grands Échezeaux,Burgundy
Graves,Bordeaux
Graves de Vayres,Bordeaux
Graves Supérieures,Bordeaux
Griotte-Chambertin,Burgundy
Gros-plant-du-pays-nantais,Loire
Haut-Médoc,Bordeaux
Haut-Montravel,South West France
Haut-Poitou,Loire
Hermitage,Rhône
Irancy,Burgundy
Irouléguy,South West France
Jasnieres,Loire
Juliénas,Beaujolais
Jurançon,South West France
L'Étoile,Jura
Ladoix,Burgundy
La Grande Rue,Burgundy
Lalande-de-Pomerol,Bordeaux
La Romanée,Burgundy
La Tâche,Burgundy
Latricieres-Chambertin,Burgundy
Les Baux-de-Provence,Provence
Limoux,Languedoc-Roussillon
Lirac,Rhône
Listrac-Médoc,Bordeaux
Loupiac,Bordeaux
Lussac-Saint-Émilion,Bordeaux
Mâcon,Burgundy
Mâcon supérieur,Burgundy
Mâcon-villages,Burgundy
Madiran,South West France
Maranges,Burgundy
Marcillac,South West France
Margaux,Bordeaux
Marsannay,Burgundy
Maury,Languedoc-Roussillon
Mazis-Chambertin,Burgundy
Mazoyeres-Chambertin,Burgundy
Médoc,Bordeaux
Menetou-Salon,Loire
Mercurey,Burgundy
Meursault,Burgundy
Minervois,Languedoc-Roussillon
Minervois-La Liviniere,Languedoc-Roussillon
Monbazillac,South West France
Montagne Saint-Émilion,Bordeaux
Montagny,Burgundy
Monthelie,Burgundy
Montlouis,Loire
Montrachet,Burgundy
Montravel,South West France
Morey-Saint-Denis,Burgundy
Morgon,Beaujolais
Moulin a vent,Beaujolais
Moulis or Moulis-en-Médoc,Bordeaux
Muscadet,Loire
Muscadet-Coteaux de la Loire,Loire
Muscadet-Côtes de Grandlieu,Loire
Muscadet-Sevre et Maine,Loire
Muscat de Beaumes-de-Venise,Rhône
Muscat de Frontignan,Languedoc-Roussillon
Muscat de Lunel,Languedoc-Roussillon
Muscat de Mireval,Languedoc-Roussillon
Muscat de Rivesaltes,Languedoc-Roussillon
Muscat de Saint-Jean de Minervois,Languedoc-Roussillon
Musigny,Burgundy
Néac,Bordeaux
Nuits-Saint-Georges,Burgundy
Orléans,Loire
Orléans-Cléry,Loire
Pacherenc du Vic-Bilh,South West France
Pacherenc du Vic-Bilh Sec,South West France
Palette,Provence
Patrimonio,Corsica
Pauillac,Bordeaux
Pécharmant,South West France
Pernand-Vergelesses,Burgundy
Pessac-Léognan,Bordeaux
Petit Chablis,Burgundy
Pomerol,Bordeaux
Pommard,Burgundy
Pouilly-Fuissé,Burgundy
Pouilly-Fumé,Loire
Pouilly-Loché,Burgundy
Pouilly-sur-Loire,Loire
Pouilly-Vinzelles,Burgundy
Premieres Côtes de Blaye,Bordeaux
Premieres Côtes de Bordeaux,Bordeaux
Puisseguin Saint-Émilion,Bordeaux
Puligny-Montrachet,Burgundy
Quarts de Chaume,Loire
Quincy,Loire
Régnié,Beaujolais
Reuilly,Loire
Richebourg,Burgundy
Rivesaltes,Languedoc-Roussillon
Romanée-Conti,Burgundy
Romanée-Saint-Vivant,Burgundy
Rosé d'Anjou,Loire
Rosé de Loire,Loire
Rosé des Riceys,Champagne
Rosette,South West France
Roussette de Savoie,Savoy
Roussette du Bugey,Bugey
Ruchottes-Chambertin,Burgundy
Rully,Burgundy
Saint-Amour,Beaujolais
Saint-Aubin,Burgundy
Saint-Bris,Burgundy
Saint-Chinian,Languedoc-Roussillon
Saint-Émilion,Bordeaux
Saint-Émilion Grand Cru,Bordeaux
Saint-Estephe,Bordeaux
Saint-Georges Saint-Émilion,Bordeaux
Saint-Joseph,Rhône
Saint-Julien,Bordeaux
Saint-Mont,South West France
Saint-Nicolas-de-Bourgueil,Loire
Saint-Péray,Rhône
Saint-Pourçain,Loire
Saint-Romain,Burgundy
Saint-Sardos,South West France
Saint-Véran,Burgundy
Sainte-Croix-du-Mont,Bordeaux
Sainte-Foy-Bordeaux,Bordeaux
Sancerre,Loire
Santenay,Burgundy
Saumur,Loire
Saumur-Champigny,Loire
Saumur mousseux,Loire
Saussignac,South West France
Sauternes,Bordeaux
Savennières,Loire
Savennières-Coulée-de-Serrant,Loire
Savennières-Roche-aux-Moines,Loire
Savigny-les-Beaune,Burgundy
Seyssel,Savoy
Tavel,Rhône
Tonnerre,Burgundy
Touraine,Loire
Touraine-Amboise,Loire
Touraine-Azay-le-Rideau,Loire
Touraine-Mesland,Loire
Touraine Noble Joué,Loire
Tursan,South West France
Vacqueyras,Rhône
Valençay,Loire
Vin de Savoie,Savoy
Vins d'Entraygues et du Fel,South West France
Vins d'Estaing,South West France
Vins Fins de la Côte de Nuits,Burgundy
Viré-Clessé,Burgundy
Vinsobres,Rhône
Volnay,Burgundy
Volnay Santenots,Burgundy
Vosne-Romanée,Burgundy
Vougeot,Burgundy
Vouvray,Loire
